{
  "overall_metrics": {
    "total_states_tested": 30,
    "expert_agreement_rate": 0.9,
    "average_reward": 3.6867596309491923,
    "average_power_consumption": 6.723333333333332,
    "average_security_level": 7.666666666666667,
    "performance_std": 0.8048799942065158
  },
  "by_battery_level": {
    "CRITICAL": {
      "expert_agreement": 0.6666666666666666,
      "reward": 3.2949873278407273,
      "power_consumption": 6.366666666666667,
      "security_level": 6.333333333333333
    },
    "GOOD": {
      "expert_agreement": 1.0,
      "reward": 3.999140032003037,
      "power_consumption": 6.949999999999999,
      "security_level": 8.0
    },
    "HIGH": {
      "expert_agreement": 1.0,
      "reward": 4.472597809929755,
      "power_consumption": 7.099999999999999,
      "security_level": 8.0
    },
    "LOW": {
      "expert_agreement": 0.8333333333333334,
      "reward": 3.0056183981495863,
      "power_consumption": 6.45,
      "security_level": 8.0
    },
    "MEDIUM": {
      "expert_agreement": 1.0,
      "reward": 3.6614545868228614,
      "power_consumption": 6.75,
      "security_level": 8.0
    }
  },
  "by_threat_status": {
    "CONFIRMED": {
      "expert_agreement": 0.9,
      "reward": 3.5645331055723446,
      "power_consumption": 7.039999999999999,
      "security_level": 8.0
    },
    "CONFIRMING": {
      "expert_agreement": 1.0,
      "reward": 3.9931666291608643,
      "power_consumption": 6.65,
      "security_level": 8.0
    },
    "NORMAL": {
      "expert_agreement": 0.8,
      "reward": 3.502579158114371,
      "power_consumption": 6.4799999999999995,
      "security_level": 7.0
    }
  },
  "by_mission_criticality": {
    "IMPORTANT": {
      "expert_agreement": 0.9333333333333333,
      "reward": 3.7198409283645577,
      "power_consumption": 6.7733333333333325,
      "security_level": 7.666666666666667
    },
    "ROUTINE": {
      "expert_agreement": 0.8666666666666667,
      "reward": 3.6536783335338283,
      "power_consumption": 6.673333333333333,
      "security_level": 7.666666666666667
    }
  },
  "algorithm_usage": {
    "FALCON": 14,
    "DILITHIUM": 5,
    "KYBER": 5,
    "SPHINCS": 4,
    "SPECK": 2
  },
  "performance_distribution": {
    "excellent": 0,
    "good": 2,
    "fair": 26,
    "poor": 2
  }
}