{
  "overall_metrics": {
    "total_states_tested": 30,
    "expert_agreement_rate": 0.9333333333333333,
    "average_reward": 3.7075137085835888,
    "average_power_consumption": 6.713333333333333,
    "average_security_level": 7.666666666666667,
    "performance_std": 0.7301731670128819
  },
  "by_battery_level": {
    "CRITICAL": {
      "expert_agreement": 0.6666666666666666,
      "reward": 3.398402556290596,
      "power_consumption": 6.216666666666666,
      "security_level": 6.333333333333333
    },
    "GOOD": {
      "expert_agreement": 1.0,
      "reward": 4.00446530707548,
      "power_consumption": 6.949999999999999,
      "security_level": 8.0
    },
    "HIGH": {
      "expert_agreement": 1.0,
      "reward": 4.468409875271626,
      "power_consumption": 7.099999999999999,
      "security_level": 8.0
    },
    "LOW": {
      "expert_agreement": 1.0,
      "reward": 3.003038740573046,
      "power_consumption": 6.55,
      "security_level": 8.0
    },
    "MEDIUM": {
      "expert_agreement": 1.0,
      "reward": 3.663252063707198,
      "power_consumption": 6.75,
      "security_level": 8.0
    }
  },
  "by_threat_status": {
    "CONFIRMED": {
      "expert_agreement": 0.9,
      "reward": 3.682802300655002,
      "power_consumption": 7.01,
      "security_level": 8.0
    },
    "CONFIRMING": {
      "expert_agreement": 1.0,
      "reward": 4.000164783149675,
      "power_consumption": 6.65,
      "security_level": 8.0
    },
    "NORMAL": {
      "expert_agreement": 0.9,
      "reward": 3.4395740419460914,
      "power_consumption": 6.4799999999999995,
      "security_level": 7.0
    }
  },
  "by_mission_criticality": {
    "IMPORTANT": {
      "expert_agreement": 0.9333333333333333,
      "reward": 3.762059527345967,
      "power_consumption": 6.713333333333334,
      "security_level": 7.666666666666667
    },
    "ROUTINE": {
      "expert_agreement": 0.9333333333333333,
      "reward": 3.6529678898212112,
      "power_consumption": 6.713333333333334,
      "security_level": 7.666666666666667
    }
  },
  "algorithm_usage": {
    "FALCON": 14,
    "KYBER": 6,
    "DILITHIUM": 4,
    "SPHINCS": 4,
    "SPECK": 1,
    "ASCON": 1
  },
  "performance_distribution": {
    "excellent": 0,
    "good": 1,
    "fair": 28,
    "poor": 1
  }
}